[
  {
    "id": 1,
    "bookTitle": "Jenny Chan",
    "bookAuthor": "Jenny Chan",
    "bookCategory": "3 waterfoot road",
    "bookDescription": "333-962-7516",
    "Location": "jenny.chan@Location.com"
  },
  {
    "id": 2,
    "bookTitle": "Jessica warren",
    "bookAuthor": "Jessica warren",
    "bookCategory": "4 tall town",
    "bookDescription": "011-211-7516",
    "Location": "jessica.warren@Location.com"
  },
  {
    "id": 3,
    "bookTitle": "Tony Frank",
    "bookAuthor": "Tony Frank",
    "bookCategory": "11 lesly road",
    "bookDescription": "788-962-7516",
    "Location": "tony.frank@Location.com"
  },
  {
    "id": 4,
    "bookTitle": "Jeremy Clark",
    "bookAuthor": "Jeremy Clark",
    "bookCategory": "333 miltown manor",
    "bookDescription": "011-962-111",
    "Location": "jeremy.clark@Location.com"
  },
  {
    "id": 5,
    "bookTitle": "Raymond Edwards",
    "bookAuthor": "Raymond Edwards",
    "bookCategory": "99 blue acres",
    "bookDescription": "3231-962-7516",
    "Location": "raymon.edwards@Location.com"
  }
]
